{"[-5; 8;;]":[4.0,2.5,0.78125,0.08138020833333333,0.0021192762586805555,1.1037897180627894e-5,9.581507969295047e-9,1.1881830319066277e-12,1.8418015747560575e-17,3.172194621424537e-23],"[5; -1;;]":[2.0,10.0,25.0,20.833333333333332,4.340277777777778,0.1808449074074074,0.0012558674125514404,1.245900210864524e-6,1.5450151424411262e-10,2.1288237743071074e-15],"[-9; -8;;]":[3.0,-3.375,1.8984375,-0.35595703125,0.01668548583984375,-0.00015642642974853516,2.444162964820862e-7,-5.455720903617995e-11,1.5222435556969852e-15,-4.719257055112181e-21],"[-6; 9;;]":[4.0,2.6666666666666665,0.8888888888888888,0.09876543209876543,0.0027434842249657062,1.5241579027587256e-5,1.4112573173691903e-8,1.8667424832925797e-12,3.0865451112641865e-17,5.670460595356015e-23],"[-4; -8;;]":[4.0,-2.0,0.5,-0.041666666666666664,0.0008680555555555555,-3.616898148148148e-6,2.5117348251028804e-9,-2.491800421729048e-13,3.090030284882252e-18,-4.257647548614214e-24],"[-2; 5;;]":[5.0,2.0,0.4,0.02666666666666667,0.00044444444444444447,1.4814814814814815e-6,8.23045267489712e-10,6.532105297537397e-14,6.480263192001386e-19,7.143147257497118e-25],"[-6; 8;;]":[5.0,3.75,1.40625,0.17578125,0.0054931640625,3.4332275390625e-5,3.5762786865234374e-8,5.321843283517019e-12,9.899262060113503e-17,2.0459784350433e-22],"[-5; -8;;]":[2.0,-1.25,0.390625,-0.040690104166666664,0.0010596381293402778,-5.518948590313947e-6,4.7907539846475235e-9,-5.940915159533139e-13,9.209007873780288e-18,-1.5860973107122685e-23],"[-2; 7;;]":[5.0,1.4285714285714286,0.20408163265306123,0.009718172983479106,0.00011569253551760841,2.7545841789906764e-7,1.0930889599169351e-10,6.196649432635686e-15,4.3910497680241543e-20,3.457301719595737e-26],"[-6; 2;;]":[5.0,15.0,22.5,11.25,1.40625,0.03515625,0.000146484375,8.719308035714284e-8,6.487580383715985e-12,5.3634097087599084e-17]}